Immigration Court,Judge,Total Decisions,% Granted Asylum,% Granted Other Relief,% Denied
Adelanto,"Depowell, Bryan E.",110,4.5,6.4,89.1
Adelanto,"Walker, Nathaniel B.",166,20.5,9,70.5
Adelanto,"Left, James M.",396,21.2,4.3,74.5
Adelanto,"Penalosa, Jose Luis, Jr.",248,22.6,2,75.4
Adelanto,"Lee, Amy T.",446,26.7,6.5,66.8
Adelanto,"Santos-Garcia, Sandra J.",258,30.6,5,64.3
Adelanto,"Simons, Ian R.",107,39.3,0,60.7
Adelanto,"Bjornerud, Maria",237,51.1,2.5,46.4
Arlington,"White, David",151,4.6,0,95.4
Arlington,"O'Brien, Matthew",272,5.9,0.4,93.8
Arlington,"McCloskey, Paul A.",770,10,1,89
Arlington,"Bain, Quynh Vu",641,23.4,0.8,75.8
Arlington,"Choi, Raphael",540,28.1,0.4,71.5
Arlington,"Torg, Cynthia S.",570,29.5,1.4,69.1
Arlington,"Barnes, John C.",289,35.6,0.7,63.7
Arlington,"Cardona, Lisa De",189,36,3.7,60.3
Arlington,"Hladylowycz, Roxanne C.",208,37,2.4,60.6
Arlington,"Spath, Vance H.",532,38.5,0.2,61.3
Arlington,"Farrar-Crockett, Emily",214,39.7,2.8,57.5
Arlington,"Donoso-Stevens, Karen",266,41.4,1.9,56.8
Arlington,"Snow, Thomas G.",338,44.7,2.1,53.3
Arlington,"Manuel, Elise",228,46.5,4.4,49.1
Arlington,"Nadkarni, Deepali",421,49.6,2.6,47.7
Arlington,"Perlman, Helaine R.",231,49.8,3,47.2
Arlington,"Mendez, Francisco",615,50.2,2.4,47.3
Arlington,"Kelly, Wynne P.",308,50.6,1.3,48.1
Arlington,"Bryant, John Milo",274,51.1,1.1,47.8
Arlington,"Lukose, Lolita M.",380,53.4,0.5,46.1
Arlington,"Owens, Robert P.",298,59.1,1.3,39.6
Arlington,"Soper, Emmett D.",534,65.4,2.4,32.2
Arlington,"Hong, J. Traci",180,66.1,0.6,33.3
Arlington,"Kaplan, Elliot",150,70.7,2,27.3
Arlington,"Burman, Lawrence O.",645,82.6,4.5,12.9
Atlanta,"Wilson, Earle B.",178,1.7,0,98.3
Atlanta,"Gillies, John M.",295,2,0.3,97.6
Atlanta,"Criss, Scott D.",133,3,0.8,96.2
Atlanta,"Farrar-Crockett, Emily",367,4.6,0,95.4
Atlanta,"Taylor, Philip P.",149,4.7,2.7,92.6
Atlanta,"Maldonado, Njeri B.",513,6.8,0,93.2
Atlanta,"Fisher, Ryan",220,10.5,1.8,87.7
Atlanta,"Schnitzer, Michael",113,11.5,7.1,81.4
Atlanta,"Doughty, Blake",318,12.6,0,87.4
Atlanta,"Barr, Philip A.",301,13,0.7,86.4
Atlanta,"Watson, Bryan D.",195,27.2,0,72.8
Atlanta - ATD,"Gallow, Sheila E.",100,11,2,87
Aurora,"Sims, Deitrich H.",149,2,6.7,91.3
Aurora,"McGrail, Elizabeth H.",320,26.6,6.9,66.6
Aurora,"Caley, Steven",352,27.3,8.5,64.2
Aurora,"Carbone, Nina M.",373,46.6,2.4,50.9
Baltimore,"Williams, Phillip T.",1436,26.9,3.1,70
Baltimore,"Jones, David M.",194,30.9,3.6,65.5
Baltimore,"Padilla, Nelson Vargas",1109,36.1,1.1,62.8
Baltimore,"Crosland, David W.",1204,40.9,1.2,58
Baltimore,"Kessler, Elizabeth A.",637,46,2.2,51.8
Baltimore,"Mahasa, Zakia",944,50.8,1.2,48
Baltimore,"Verma, Dinesh C.",577,54.1,1.6,44.4
Baltimore,"Koelsch, David",1418,58.1,0.8,41.1
Baltimore,"Dornell, Lisa",259,62.5,0.4,37.1
Baltimore,"Hartye, Alice S.",194,74.7,4.1,21.1
Baltimore,"Weil, Jack H.",120,86.7,1.7,11.7
Baltimore,"Slavin, Denise N.",434,86.9,0,13.1
Batavia,"Aikman, Susan F.",123,6.5,11.4,82.1
Bloomington,"Miller, Monte G.",464,11.2,3,85.8
Bloomington,"Ward, George James",183,17.5,1.1,81.4
Bloomington,"Sardelli, Brian",387,18.3,0.5,81.1
Bloomington,"Olmanson, Kristin W.",123,18.7,2.4,78.9
Bloomington,"Mazzie, Sarah B.",568,21,1.1,78
Bloomington,"Cardona, Lisa De",284,22.9,1.4,75.7
Bloomington,"Wood, Ryan R.",183,24.6,2.2,73.2
Bloomington,"Dierkes, Joseph R.",232,30.2,0,69.8
Bloomington,"Auh, Kyung S.",188,39.4,2.1,58.5
Bloomington,"Carr, M. Audrey",298,43.3,1.3,55.4
Bloomington,"Sagerman, Roger F.",184,51.1,0.5,48.4
Bloomington,"Hansen, Katherine L.",360,60.3,4.4,35.3
Boston,"Robertson, David",127,5.5,0,94.5
Boston,"Mulcahy, Jennifer A",111,17.1,0.9,82
Boston,"Roe, Adrian N.",107,26.2,0.9,72.9
Boston,"Terrien, Jeb",234,27.8,0,72.2
Boston,"Kahan, Michelle",444,30,0.7,69.4
Boston,"Furlong, John M., Jr.",334,33.2,0.9,65.9
Boston,"Napier, Wade Thomas",127,36.2,2.4,61.4
Boston,"Saldana Mistry, Lucero",104,37.5,1.9,60.6
Boston,"Jalelian, Lincoln S.",231,39.8,2.6,57.6
Boston,"Masters, Todd A.",713,40,1,59
Boston,"Sturla, Mario J.",1110,40.7,2.3,56.9
Boston,"Tregerman, Gwendylan E.",718,41.1,0.6,58.4
Boston,"Cato, Richard",137,43.1,4.4,52.6
Boston,"D'Angelo, Matthew J.",160,47.5,0,52.5
Boston,"Cade, Sarah",786,48.5,1.8,49.7
Boston,"Rusher, Marna M",116,56,1.7,42.2
Boston,"Sady, Michael",248,58.5,0.4,41.1
Boston,"O'Malley, Brenda M.",978,66.2,0.6,33.2
Boston,"Feder, Robin E.",556,66.7,2.2,31.1
Boston,"Gagnon, Paul M.",131,67.2,1.5,31.3
Boston,"O'Sullivan, Maureen S.",1267,83.8,0.6,15.5
Buffalo,"Ruehle, Walter",716,31.4,1.8,66.8
Buffalo,"Hochul, Denise",533,44.1,3.6,52.3
Chaparral,"French, Kathleen",297,3.4,7.4,89.2
Chaparral,"Palomino, Jacinto",490,9.8,6.3,83.9
Chaparral,"Girvin, Ralph E.",122,11.5,14.8,73.8
Chaparral,"Fernandez, Lorely Ramirez",120,20,4.2,75.8
Chaparral,"Taylor, Brock E.",607,59.8,3.5,36.7
Charlotte,"Pettinato, Barry J.",327,1.5,0.3,98.2
Charlotte,"Riggs, George W.",555,2.5,0,97.5
Charlotte,"Couch, V. Stuart",449,5.3,0.2,94.4
Charlotte,"Lee, Amy T.",398,8.5,0.3,91.2
Charlotte,"Nance, Jeffery R.",473,10.4,1.1,88.6
Charlotte,"Lopez-Enriquez, Maria M.",270,11.5,3.3,85.2
Charlotte,"Holmes-Simmons, Theresa",372,17.7,1.1,81.2
Charlotte,"Harris, Rodger C.",597,18.3,2.5,79.2
Charlotte,"Criss, Scott D.",133,21.8,1.5,76.7
Chicago,"Ellison, Sarah M.",167,9,0.6,90.4
Chicago,"Giambastiani, Jennie L.",217,33.6,0.9,65.4
Chicago,"Defoe, Craig A.",892,35.4,0.8,63.8
Chicago,"Venci, Michelle",170,35.9,0,64.1
Chicago,"Naseem, Samia",448,37.3,0.2,62.5
Chicago,"Curran, Brendan C.",176,40.3,4,55.7
Chicago,"Salovaara, Kaarina",584,40.9,2.4,56.7
Chicago,"McKenna, Patrick M.",739,50.5,0.3,49.3
Chicago,"Rosche, Robin J.",590,52.9,2.9,44.2
Chicago,"Cole, Samuel B.",467,54.2,1.9,43.9
Chicago,"Mencini, Ana",137,56.2,0,43.8
Chicago,"Lang, Elizabeth G.",423,56.3,1.9,41.8
Chicago,"Deangelis, Kathryn L.",588,60.4,1.9,37.8
Chicago,"Luskin, Joshua D.",197,60.9,2,37.1
Chicago,"Stahl, Marc",267,61,0,39
Chicago,"Klosowsky, Michael",239,61.1,0.4,38.5
Chicago,"Saltzman, Eva S.",581,67.3,3.4,29.3
Chicago,"Klein, Eliza C.",209,69.4,1.9,28.7
Chicago,"Crites, Elizabeth",178,76.4,0,23.6
Chicago,"Patti, Sebastian T.",197,78.7,0.5,20.8
Chicago,"Peyton, Jennifer I.",373,82.6,1.9,15.5
Chicago,"Reynolds, Gina",130,90,0,10
Cleveland,"Brown, Alison M.",303,10.2,0.7,89.1
Cleveland,"Owens, Jonathan W.",319,12.2,2.8,85
Cleveland,"Seppanen, Christopher R.",262,13,0.8,86.3
Cleveland,"Riley, Teresa L.",455,13,2.6,84.4
Cleveland,"Horton, Monte J.",315,14,2.5,83.5
Cleveland,"McCarthy, James F., III",123,14.6,0.8,84.6
Cleveland,"Imbacuan, Bruce",111,16.2,11.7,72.1
Cleveland,"Riedthaler-Williams, Jennifer M.",194,16.5,4.6,78.9
Cleveland,"Pashayan, Donald",134,20.1,3.7,76.1
Cleveland,"Santoro, Jeremy",107,24.3,7.5,68.2
Cleveland,"Tripi, Michael",185,34.6,1.1,64.3
Cleveland,"Whipple, David C.",227,36.1,3.5,60.4
Conroe,"Walton, Richard D.",128,6.3,2.3,91.4
Conroe,"Cole, Timothy M.",108,7.4,0.9,91.7
Conroe,"May, Jennifer A.",137,8.8,0.7,90.5
Conroe,"Powell, Robert L.",327,9.5,5.5,85
Conroe,"Greenstein, Saul",135,9.6,1.5,88.9
Conroe,"Brisack, Chris A.",222,17.6,7.2,75.2
Conroe,"Sapp, Billy J.",329,18.5,4,77.5
Conroe,"Evans, Mark S.",166,21.1,5.4,73.5
Conroe,"D'Andrea, Holly A.",180,37.2,6.1,56.7
Dallas,"Sims, Deitrich H.",211,5.7,0.9,93.4
Dallas,"Ozmun, Richard R.",442,7.2,6.3,86.4
Dallas,"Kimball, R. Wayne",777,14.4,3.9,81.7
Dallas,"Eller, Donald R., Jr.",148,17.6,2,80.4
Dallas,"Thielemann, Christopher J.",185,20,3.8,76.2
Dallas,"John-Baptiste, Allan",171,20.5,1.8,77.8
Dallas,"Nugent, James A.",175,22.3,10.9,66.9
Dallas,"Davis-Gumbs, Xiomara Diana",298,23.5,8.7,67.8
Dallas,"Ferguson, Jason D.",191,35.1,4.7,60.2
Dallas,"Perez-Guzman, Virginia",433,36.3,8.5,55.2
Dallas,"Ellison, Sarah M.",117,51.3,5.1,43.6
Denver,"Masters, Bobbie C.",105,14.3,1.9,83.8
Denver,"O'Hare, Donald C.",472,18.9,0.2,80.9
Denver,"Corrin, Melanie K.",434,24.7,0.7,74.7
Denver,"Kaufman, Matthew W.",154,25.3,1.9,72.7
Denver,"Gardzelewski, Ivan E.",628,26.4,1.3,72.3
Denver,"Calcador, Kerri",137,30.7,3.6,65.7
Denver,"Trujillo, Eileen R.",511,39.9,1,59.1
Denver,"Kane, Alison R.",664,41.3,0.8,58
Denver,"Burgie, Brea C.",493,59,1.4,39.6
Detroit,"Jebson, Mark J.",543,19.2,2.9,77.9
Detroit,"Gorland, Jennifer M.",889,35.9,3,61.1
Detroit,"Simons, Ian R.",546,37.7,1.5,60.8
Detroit,"Paruch, David H.",332,42.8,1.8,55.4
El Paso,"Hough, Robert S.",108,5.6,4.6,89.8
El Paso,"Jacobs, Richard C.",104,13.5,5.8,80.8
El Paso,"Herbert, Nathan",129,25.6,7.8,66.7
El Paso,"Miller, James J., Jr.",115,39.1,7.8,53
El Paso - EPD,"Abbott, William L.",263,14.4,2.7,82.9
El Paso - EPD,"Pleters, Michael",155,19.4,3.9,76.8
El Paso - EPD,"Ruhle, Stephen M.",214,24.3,1.9,73.8
Elizabeth,"Golparvar, Kuyomars Q.",290,8.6,9.7,81.7
Elizabeth,"Tadal, Mirlande",201,11.9,2.5,85.6
Elizabeth,"Ellington, John P.",109,12.8,8.3,78.9
Elizabeth,"Finston, Leo A.",165,19.4,4.2,76.4
Elizabeth,"Pope, Jason L.",212,19.8,4.7,75.5
Elizabeth,"Shirole, Pallavi S.",126,20.6,2.4,77
Elizabeth,"Hartye, Alice S.",150,23.3,10,66.7
Eloy,"Davis, John W.",168,2.4,0,97.6
Eloy,"Phelps, Richard A.",286,28,3.1,68.9
Eloy,"Gaz, Jennifer I.",504,40.7,3.6,55.8
Eloy,"Habich, Paul M.",398,51.8,4,44.2
Eloy,"Penalosa, Jose Luis, Jr.",221,56.6,3.6,39.8
Florence,"Guerrero, Marni",205,9.8,6.8,83.4
Florence,"Taylor, Bruce A.",197,16.8,7.6,75.6
Florence,"Frazer, Molly S.",144,37.5,5.6,56.9
Harlingen,"Freeman, D'Anna H.",151,11.9,6,82.1
Harlingen,"Guidry, Monica Thompson",132,13.6,0,86.4
Harlingen,"Gonzalez, Delia I.",171,15.2,6.4,78.4
Harlingen,"Crews, John G.",184,16.3,1.1,82.6
Harlingen,"Achtsam, Howard E.",115,16.5,3.5,80
Harlingen,"Schools, Shelly W.",173,16.8,0.6,82.7
Harlingen,"Ellison, Sarah M.",114,20.2,3.5,76.3
Harlingen,"Leonard, Joseph T.",117,23.1,13.7,63.2
Harlingen,"Garcia, Melissa Joy",106,33,6.6,60.4
Hartford,"Straus, Michael W.",1618,21.9,0.6,77.5
Hartford,"Verrillo, Philip",543,33.3,1.3,65.4
Hartford,"Morris, Daniel A.",347,33.4,1.7,64.8
Honolulu,"Beamer, Dayna M.",522,44.3,0.2,55.6
Honolulu,"Wagner, Clarence M., Jr.",597,68.5,1.3,30.2
Houston,"Imbacuan, Bruce",105,0,0,100
Houston,"Brown, Sam, IV",976,2,0.8,97.1
Houston,"Harris, Monique",659,2.6,0,97.4
Houston,"Guidry, Monica Thompson",216,2.8,1.4,95.8
Houston,"Hughes, Erica",173,3.5,1.7,94.8
Houston,"McGuirk, Erica J.",208,3.8,2.4,93.8
Houston,"May, Jennifer A.",139,4.3,0,95.7
Houston,"Walton, Richard D.",657,4.6,2.6,92.8
Houston,"Gemoets, Marcos",1053,6.2,1.1,92.7
Houston,"Jamadar, Richard",704,7.4,1.3,91.3
Houston,"Gorman, Stephanie",510,8.4,0.6,91
Houston,"Khan, Anwer A.",618,8.6,1,90.5
Houston,"Picos, Georgina M.",1321,9.8,1.4,88.8
Houston,"Rankin Yates, Clarease Rankin",517,10.1,1.7,88.2
Houston,"Wang, Lynn",264,10.2,0,89.8
Houston,"Endelman, Gary E.",2005,10.3,1.2,88.5
Houston,"Brisack, Chris A.",144,10.4,2.1,87.5
Houston,"Bhagat, Nimmo",1919,11.1,0.9,88
Houston,"Freeman, D'Anna H.",107,12.1,0,87.9
Houston,"Greenstein, Saul",735,13.5,2.2,84.4
Houston,"Osborn, Joshua D.",236,17.8,3,79.2
Houston,"Ramos, Maritza",255,18.4,2,79.6
Houston,"Nguyen, Bao Q.",381,22.8,5,72.2
Houston - Gessner,"Brown, Kevin",301,2.7,8,89.4
Houston - Gessner,"Thompson, Kenley",117,5.1,23.9,70.9
Houston - Gessner,"Jenkins, Arkesia",194,5.7,19.1,75.3
Houston - Gessner,"Jones, Delana M.",209,5.7,21.1,73.2
Houston - Gessner,"McPhail, John",203,5.9,9.9,84.2
Houston - Gessner,"Rankin Yates, Clarease Rankin",341,6.2,11.1,82.7
Houston - Gessner,"Schumann, Christopher M.",260,6.2,19.6,74.2
Houston - Gessner,"Cordero Gonzalez, Miguel A.",156,9,17.9,73.1
Houston - Gessner,"Dvorak, Charissa",187,19.8,10.2,70.1
Houston - Greenspoint,"Guidry, Monica Thompson",117,4.3,3.4,92.3
Houston - Greenspoint,"Wells, Kenya",298,5.7,1,93.3
Houston - Greenspoint,"Schwab, Jodie",183,6.6,1.6,91.8
Houston - Greenspoint,"Landis, Brent H.",270,6.7,0.4,93
Houston - Greenspoint,"McGuirk, Erica J.",134,6.7,0.7,92.5
Houston - Greenspoint,"Pobjecky, Artie",199,7,1.5,91.5
Houston - Greenspoint,"Hempel, Nicholle M.",154,7.1,0,92.9
Houston - Greenspoint,"White, Romaine",224,8.5,0.4,91.1
Houston - Greenspoint,"Whitworth, Mark",215,10.2,5.1,84.7
Houston - Greenspoint,"Jovanovic, Adam",183,10.4,0,89.6
Houston - Greenspoint,"Lee, Alexander",286,14,0,86
Houston - Greenspoint,"Perez, Alex",164,15.9,0.6,83.5
Houston - Greenspoint,"Phan, Christopher",202,18.3,0,81.7
Houston - Greenspoint,"Tamez, Lydia",196,21.4,1.5,77
Hyattsville,"Bohrer, Matthew",168,27.4,0,72.6
Hyattsville,"Kanellakos, Thanos",122,45.9,0.8,53.3
Hyattsville,"Reilly, Kathleen",164,54.9,3,42.1
Hyattsville,"Igoe, Alison",156,59.6,5.1,35.3
Hyattsville,"Williams, Phillip T.",134,61.2,5.2,33.6
Hyattsville,"Niburg, Rebecca",146,67.1,1.4,31.5
Hyattsville,"Bowens, Tanisha",125,71.2,0.8,28
Hyattsville,"Rubenstein, John S.",226,77,0.9,22.1
Hyattsville,"Verma, Dinesh C.",173,78.6,8.7,12.7
Hyattsville,"Gansallo, Ayodele",135,79.3,2.2,18.5
Hyattsville,"Jones, David M.",199,81.4,0.5,18.1
Hyattsville,"Koelsch, David",380,86.3,1.3,12.4
Hyattsville,"Cubas, Claudia",268,88.8,0.4,10.8
Imperial,"Habich, Paul M.",130,30,0.8,69.2
Imperial,"Perry, Anne",341,33.7,6.5,59.8
Imperial,"Barcus, E. Mark",353,50.4,12.7,36.8
Imperial,"Pressman, Christian M.",200,51.5,7,41.5
Imperial,"Robinson, Eugene H., Jr.",210,51.9,16.7,31.4
Imperial,"Munoz, Jeffrey V.",176,73.9,2.8,23.3
Jena,"Landis, Brent H.",335,3.9,0.9,95.2
Jena,"Fuller, Steven B.",138,4.3,1.4,94.2
Jena,"Crooks, Grady A",243,4.9,0,95.1
Jena,"Thogersen, Cassie A.",179,6.7,1.7,91.6
Jena,"Munson, Angela",174,9.2,1.7,89.1
Jena,"Midgley, Ian D.",106,12.3,0.9,86.8
Jena,"Robbins, Kandra K.",142,20.4,0.7,78.9
Kansas City,"Salinardi, Jayme",770,4.4,0.6,94.9
Kansas City,"Baker, Glen R.",334,13.8,2.4,83.8
Kansas City,"Johnson, Colin Patrick",146,15.8,3.4,80.8
Kansas City,"Howard, Justin W.",1087,18.6,0.6,80.8
Laredo,"Adams, Justin",413,8.7,2.7,88.6
Laredo,"Hart, Brandon L.",116,16.4,6.9,76.7
Laredo,"Crossan, Thomas G., Jr.",163,18.4,1.8,79.8
Laredo,"Harlow, Craig A.",112,27.7,0.9,71.4
Laredo,"Newaz, Rifian S.",196,28.1,9.2,62.8
Laredo,"Eller, Donald R., Jr.",118,29.7,5.9,64.4
Laredo,"McCullough, Charles M.",104,35.6,0,64.4
Laredo,"Gonzalez, Yvonne",106,36.8,0,63.2
Laredo,"Lafuente-Gaona, Cynthia",112,43.8,6.3,50
Laredo,"Santander, Daniel J.",101,52.5,20.8,26.7
Las Vegas,"Sharda, Munish",435,3.2,1.8,94.9
Las Vegas,"Romig, Jeffrey L.",123,3.3,0,96.7
Las Vegas,"Alberdi, Yon K.",166,14.5,0.6,84.9
Las Vegas,"Daugherty, Daniel J.",111,18.9,2.7,78.4
Las Vegas,"McDermott, Ann M.",536,31.9,3.2,64.9
Las Vegas,"Nguyen, An Mai",389,45.2,2.8,51.9
Las Vegas,"Baker, Glen R.",447,54.4,2.2,43.4
Las Vegas,"Roberts, Lindsy M.",323,56.3,5.3,38.4
Los Angeles,"O'Connor, Lee A.",238,2.9,0.4,96.6
Los Angeles,"Miller, Jeffrey S.",280,9.3,1.8,88.9
Los Angeles,"Francis, Leon J.",830,10.8,0.2,88.9
Los Angeles,"Fellrath, Robert",105,13.3,1,85.7
Los Angeles,"Ruane, Rachel A.",409,14.4,12.7,72.9
Los Angeles,"Chon, Hye Y.",988,17.2,0.3,82.5
Los Angeles,"Burke, David H.",580,18.6,10.7,70.7
Los Angeles,"Juelle, Carlos R.",613,20.6,1.6,77.8
Los Angeles,"Sitgraves, Darcy D.",178,20.8,1.7,77.5
Los Angeles,"Waterloo, Jason",436,21.1,0.9,78
Los Angeles,"Martz, Nicholas A.",204,21.1,3.9,75
Los Angeles,"Jasso, Jaime",499,21.6,1.6,76.8
Los Angeles,"Bank, Ira E.",328,21.6,3.4,75
Los Angeles,"Latimore, Jan D.",342,21.9,1.8,76.3
Los Angeles,"Perry, Anne",113,22.1,1.8,76.1
Los Angeles,"Calcador, Kerri",229,24.5,0.9,74.7
Los Angeles,"Guerrero, Marni",140,25,2.1,72.9
Los Angeles,"Huddleston, Natalie",400,25.3,1.8,73
Los Angeles,"Tabaddor, Afsaneh Ashley",175,28.6,6.9,64.6
Los Angeles,"Miller, Nancy",449,29.2,3.1,67.7
Los Angeles,"Behne, Audra R.",425,29.4,2.8,67.8
Los Angeles,"Malvin, Daniel H.",242,31.8,2.1,66.1
Los Angeles,"Everett, Timothy R.",552,34.8,2.9,62.3
Los Angeles,"Bakke Varzandeh, Joyce A.",437,35.2,4.1,60.6
Los Angeles,"Costa, Philip J.",577,36.4,0.7,62.9
Los Angeles,"Patti, Sebastian T.",479,36.7,1,62.2
Los Angeles,"Virchis, Bridget",272,38.2,2.6,59.2
Los Angeles,"Simons, Anita L.",869,38.6,7,54.4
Los Angeles,"Desai, Jankhana",268,40.7,9.7,49.6
Los Angeles,"Dorfman, Arlene E.",265,41.1,0.4,58.5
Los Angeles,"Park, Jeannette Lim",258,41.9,3.5,54.7
Los Angeles,"Neumeister, David",206,42.2,0,57.8
Los Angeles,"Lee, Edward",277,44.8,1.8,53.4
Los Angeles,"Allen, Janette L.",258,50,0.8,49.2
Los Angeles,"Vahid-Tehrani, Gita",191,55.5,10.5,34
Los Angeles,"Stancill, Christine E.",647,56,1.7,42.3
Los Angeles,"Hong, Andrea",248,57.3,2.8,39.9
Los Angeles,"Villegas, Veronica S.",230,60.4,3.5,36.1
Los Angeles,"Siebert, Andrea",126,71.4,2.4,26.2
Los Angeles - North,"Hope, Karen",156,6.4,0,93.6
Los Angeles - North,"Naselow-Nahas, Tara",628,6.4,0.3,93.3
Los Angeles - North,"Piepmeier, Kristin",559,7.9,2,90.2
Los Angeles - North,"Amaya, Roberto",147,8.8,1.4,89.8
Los Angeles - North,"Riley, Kevin W.",492,9.1,1.4,89.4
Los Angeles - North,"Medved, Paul N.",244,10.7,0,89.3
Los Angeles - North,"Travieso, Frank M.",1396,12.1,1.1,86.8
Los Angeles - North,"Left, James M.",580,17.4,1.9,80.7
Los Angeles - North,"Hsu, Lily C",1017,21.5,0.6,77.9
Los Angeles - North,"Aina, Nathan N.",657,28.5,3,68.5
Los Angeles - North,"Maury, Carlos E.",149,38.3,7.4,54.4
Los Fresnos,"Baumgarten, Mary C.",150,3.3,0.7,96
Los Fresnos,"Hable, Paul A.",260,4.2,4.2,91.5
Los Fresnos,"Onyewuchi, Morris I.",404,5,2,93.1
Los Fresnos,"Powell, Robert L.",108,6.5,0,93.5
Los Fresnos,"Crews, John G.",184,7.1,2.2,90.8
Los Fresnos,"Pimentel, Frank T.",466,9.7,2.1,88.2
Los Fresnos,"Hoover, Forrest W., III",181,21.5,0,78.5
Los Fresnos,"Cigarroa, Barbara",240,23.3,2.1,74.6
Lumpkin,"Fuller, Steven B.",112,3.6,4.5,92
Lumpkin,"Duncan, Randall",281,8.5,1.1,90.4
Lumpkin,"Nance, Jeffery R.",175,11.4,5.7,82.9
Lumpkin,"Brown, Bianca, H",157,11.5,3.2,85.4
Lumpkin,"Criss, Scott D.",456,13.2,0.4,86.4
Lumpkin,"Trimble, Dan",343,13.4,2.3,84.3
Lumpkin,"Rothschild, Jerome M., Jr.",183,20.2,4.9,74.9
Memphis,"Miles, Vernon Benet",477,2.7,0.4,96.9
Memphis,"Hansell, Renae M.",673,4.3,0.6,95.1
Memphis,"Kinnicutt, Daniel P.",100,6,1,93
Memphis,"Johnson, Kelly S.",220,6.8,1.8,91.4
Memphis,"Averwater, Richard J.",441,12.7,0.5,86.8
Memphis,"Holt, Rebecca L.",797,12.8,0.9,86.3
Memphis,"Kaufman, Matthew W.",154,20.1,0,79.9
Memphis,"Campos, Alisha C.",226,21.2,0.4,78.3
Memphis,"Lake, Kelly B.",111,24.3,0,75.7
Memphis,"Newburn, Irma J.",112,25,0.9,74.1
Memphis,"Maldonado, Luis",147,28.6,2.7,68.7
Memphis,"Josephsen, Brandon J.",165,30.3,0,69.7
Memphis,"Russo, David",324,44.1,0,55.9
Memphis,"Clancy, Sean D.",102,69.6,3.9,26.5
Miami,"Nettles, Marsha K.",243,2.9,0.8,96.3
Miami,"Siegel, Stuart A.",465,6.7,0.2,93.1
Miami,"Martinez-Esquivel, Lourdes",913,6.7,1.4,91.9
Miami,"Brown, Charlotte D.",331,7.6,2.7,89.7
Miami,"Dowell, J. Daniel",911,7.7,0.7,91.7
Miami,"Horn, Michael C.",663,8,0.9,91.1
Miami,"Goodwin, Deborah K.",497,8.2,0.6,91.1
Miami,"Videla, Gabriel C.",1105,8.2,2.2,89.6
Miami,"Sanders, Charles J.",351,8.5,1.1,90.3
Miami,"Ayze, Thomas",1025,8.8,0.1,91.1
Miami,"Garcia, Madeline",901,9.3,0.7,90
Miami,"Torreh-Bayouth, Lilliana",678,9.4,0.1,90.4
Miami,"Marks Lane, Denise A.",524,9.4,1.7,88.9
Miami,"Walleisa, Michael",896,10.2,2.7,87.2
Miami,"Sogocio, Rico M.",815,10.4,0.9,88.7
Miami,"Page-Lozano, Jennifer Leigh",155,11.6,1.3,87.1
Miami,"Araneta, Michelle",307,11.7,0,88.3
Miami,"Holyoak, Dalin R.",474,14.1,1.1,84.8
Miami,"Alexander, Scott G.",1000,14.9,0.5,84.6
Miami,"Herman, Lakshmi",272,15.8,0,84.2
Miami,"Rosen, Benjamin",167,16.2,0,83.8
Miami,"Maingot, Anthony E.",823,17,3.2,79.8
Miami,"Mateo, Rene D.",228,18.9,0.9,80.3
Miami,"Rivera, Jose",520,19.2,0.4,80.4
Miami,"Balasquide, Javier E.",1216,20,0.2,79.8
Miami,"Burgess, Abraham L.",744,20.4,0.7,78.9
Miami,"Cole, Timothy M.",755,20.8,3.3,75.9
Miami,"Lerner, Romy",185,23.8,0,76.2
Miami,"Recio, Irene M.",377,23.9,1.6,74.5
Miami,"Rodriguez de Jongh, Lourdes A.",437,24,2.1,73.9
Miami,"Mander, Stephen E.",546,27.1,2.4,70.5
Miami,"Reis, Christine",435,33.3,0,66.7
Miami - Krome,"Opaciuch, John",111,2.7,3.6,93.7
Miami - Krome,"Martyak, Christina M.",143,2.8,2.1,95.1
Miami - Krome,"Pereira, Jorge L.",158,3.2,5.1,91.8
Miami - Krome,"Lopez-Enriquez, Maria M.",279,3.6,2.9,93.5
Miami - Krome,"Opaciuch, Adam",117,4.3,6.8,88.9
Miami - Krome,"Chait, Barry S.",369,10.3,2.4,87.3
Miami - Krome,"Siegel, Stuart A.",355,13,3.1,83.9
New Orleans,"Fluke, Randall L.",144,6.3,0,93.8
New Orleans,"Connelly, Steven J.",198,7.6,0,92.4
New Orleans,"Marquez, Charlotte",873,8.9,2.5,88.5
New Orleans,"Larocca, Joseph",1116,17.8,1.4,80.7
New Orleans,"Marsteller, Eric",732,20.2,3.7,76.1
New Orleans,"Guillory, Kevin P.",100,40,3,57
New York,"Menkin, Jeffrey L.",212,4.7,11.8,83.5
New York,"Burns, John",256,11.3,2.3,86.3
New York,"Spencer, Oshea Denise",649,21.4,0.5,78.1
New York,"Hom, Sandy K.",136,23.5,2.2,74.3
New York,"Vomacka, Alan A.",146,26,0.7,73.3
New York,"Perl, Adam",543,26.9,0,73.1
New York,"McKee, James",290,27.9,0,72.1
New York,"Lazare-Raphael, Shirley",769,29.6,0.8,69.6
New York,"Christensen, Jesse B.",1683,33.1,0.2,66.7
New York,"Siemietkowski, John",361,38,0,62
New York,"Palmer, Brian T.",646,38.1,0.9,61
New York,"Pierro, Laura N.",136,39,0.7,60.3
New York,"Hom, Howard",589,41.8,1.5,56.7
New York,"Chugh, Amit",269,42,0.4,57.6
New York,"Conroy, Charles",420,42.9,0.2,56.9
New York,"Johnson-Papillo, Carrie C.",265,43,4.5,52.5
New York,"McCarthy, James M.",1287,43.6,1.5,54.9
New York,"Nelson, Barbara A.",988,46.2,0.9,52.9
New York,"Gundlach, Robert",593,47.4,0.7,51.9
New York,"Ling, Lisa W.",103,47.6,8.7,43.7
New York,"Chung, Jennifer",642,49.2,0,50.8
New York,"Dodd, Diane",185,49.7,1.1,49.2
New York,"Lloyd, Michael",328,50.9,0.3,48.8
New York,"Poczter, Aviva L.",1332,53.1,0.8,46.2
New York,"Bratton, Scott",139,54.7,2.2,43.2
New York,"Loprest, F. James, Jr.",829,55.9,2.2,42
New York,"Ehrens, Lisa",516,57.6,2.3,40.1
New York,"Ubarri, Maria",221,58.8,1.4,39.8
New York,"Factor, Sam",819,59.1,1.5,39.4
New York,"Pieters, Edwin",140,59.3,0,40.7
New York,"McFarland, Michael G.",877,60.7,1.4,38
New York,"Golovnin, Lena",889,60.7,1.3,37.9
New York,"Grogan, Edward",191,62.3,0.5,37.2
New York,"Campanella, Lorianne",369,62.6,1.4,36
New York,"Krasinski, Carolyn",236,63.1,0.8,36
New York,"Laforest, Brigitte",1474,63.2,1.1,35.8
New York,"Gordon, Cynthia",1008,64.2,0.4,35.4
New York,"Harbeck, Dorothy A.",554,65.3,1.3,33.4
New York,"Moore, Carol",137,65.7,0,34.3
New York,"Wright, Virna A.",1085,67,1.5,31.5
New York,"Kolbe, Margaret",404,69.8,3.7,26.5
New York,"Lebreton, Tanawa",266,69.9,2.3,27.8
New York,"Calvelli, Andrew",419,71.1,0.2,28.6
New York,"Sponzo, Jem C.",1128,71.5,1.3,27.2
New York,"Farber, Lauren T.",401,72.8,0.5,26.7
New York,"Dandelet, Kyle",340,73.2,0.3,26.5
New York,"Douchy, Evalyn P.",1254,74.3,3,22.7
New York,"Schoppert, Douglas B.",1120,74.6,6,19.5
New York,"Thomsen, Scott",458,76,0.7,23.4
New York,"Thompson, Donald W., Jr.",1480,76.3,0.9,22.8
New York,"Donnolo, Paula",348,76.4,0.9,22.7
New York,"Segal, Alice",1104,76.5,1.5,21.9
New York,"Tsankov, Mimi",480,77.3,0.4,22.3
New York,"Reingold, Jonathan",120,77.5,1.7,20.8
New York,"McDermott, William",539,77.7,0.4,21.9
New York,"Navarro, Maria E.",1141,78,1.6,20.4
New York,"Nassar, Dania",138,78.3,1.4,20.3
New York,"Bartleson, Thomas",290,79,1,20
New York,"Zagzoug, Randa",1171,79.3,2.6,18
New York,"Lurye, Maria",1103,80,0.5,19.6
New York,"Sagesse, Cathy",537,80.1,0.4,19.6
New York,"Cohen, Raisa",950,81.3,1.1,17.7
New York,"Cassin, Olivia L.",966,83.3,4.2,12.4
New York,"Kouris, Theodora N.",498,84.3,1.2,14.5
New York,"Sichel, Helen J.",595,84.5,1.3,14.1
New York,"Brennan, Noel A.",1038,84.6,1.2,14.3
New York,"Klahr, Deborah E.",505,85,1,14.1
New York,"Leeds, Frederic G.",844,85.2,0.5,14.3
New York,"Gordon-Uruakpa, Vivienne E.",943,86,2.9,11.1
New York,"Crawford, Carol A.",223,87.4,2.2,10.3
New York,"Bain, Terry A.",594,87.9,0.5,11.6
New York,"Khan, Amiena",694,88.6,1.4,9.9
New York,"Adams, Lori",296,89.2,0.3,10.5
New York,"Little, Anna C.",230,91.3,1.3,7.4
New York,"Koppenhofer, Andrea",169,94.1,0,5.9
New York,"Kim, David",154,96.1,0.6,3.2
New York - DET,"Reid, Dara",1194,17,0,83
New York - DET,"Tsankov, Mimi",115,17.4,7,75.7
New York - DET,"Conroy, Charles",478,18.4,1.3,80.3
New York - DET,"Decure, John",435,18.9,0.5,80.7
New York - DET,"London, Charlesa E.",166,19.9,0,80.1
New York - DET,"Farber, Lauren T.",115,20.9,3.5,75.7
New York - DET,"Ouslander, Charles",175,29.1,0.6,70.3
New York - DET,"Cortes, John W.",430,31.9,0.7,67.4
New York - DET,"Auh, Kyung S.",139,32.4,0,67.6
New York - DET,"Drucker, Richard",1345,34.9,0.7,64.4
New York - DET,"Prieto, Francisco R.",373,34.9,5.1,60.1
New York - DET,"Kolbe, Margaret",252,43.3,1.6,55.2
New York - DET,"Ling, Lisa W.",1552,43.4,1.2,55.3
New York - DET,"Mungoven, Thomas",406,46.1,0.2,53.7
New York - DET,"Horton, Monte J.",105,46.7,2.9,50.5
New York - DET,"Hoover, Forrest W., III",119,48.7,1.7,49.6
New York - DET,"Mulligan, Thomas J.",382,62,1.6,36.4
New York - DET,"Burnham, Shayne R.",707,62.5,0.8,36.6
New York - DET,"Norkin, David",271,84.1,0,15.9
Newark,"Mannion, Steve",435,6,0,94
Newark,"Chen, Shana W.",726,9.8,2.1,88.2
Newark,"Cheng, David",407,21.4,1.5,77.1
Newark,"Hinds Roach, Denise A.",200,21.5,0,78.5
Newark,"Bailey, Richard",547,23.6,0.9,75.5
Newark,"Shirole, Pallavi S.",490,24.1,0.8,75.1
Newark,"Manuel, Elise",102,28.4,0,71.6
Newark,"Wilson, Tamar H.",363,28.7,2.2,69.1
Newark,"Pierro, Laura N.",237,32.9,3.4,63.7
Newark,"Panopoulos, Adam",169,33.1,0,66.9
Newark,"McNeill Mullican, Leila",488,34.8,2.3,62.9
Newark,"Pope, Jason L.",451,35.5,2.2,62.3
Newark,"Lane, Nicole",107,36.4,0,63.6
Newark,"Ranasinghe, Arya S.",186,45.7,3.8,50.5
Newark,"Rastegar, Ramin",189,50.3,5.3,44.4
Newark,"Jeannopoulos, Amanda",347,52.4,3.5,44.1
Newark,"Rubin, Shifra",612,55.2,2.6,42.2
Newark,"Finston, Leo A.",307,59.6,3.6,36.8
Newark,"Little, Anna C.",141,60.3,0,39.7
Newark,"Riefkohl, Alberto J.",374,81.8,5.3,12.8
Oakdale,"Ashworth, Sherron",110,8.2,2.7,89.1
Oakdale,"Laragy, W. Scott",311,9.3,1.3,89.4
Oakdale,"Duck, John A., Jr.",368,14.9,0.8,84.2
Oakdale,"Schools, Shelly W.",174,21.3,0,78.7
Oakdale,"Martz, Nicholas A.",144,22.2,2.1,75.7
Oakdale,"Espinal, Pedro J.",170,53.5,0.6,45.9
Oakdale,"Taylor, Brock E.",186,53.8,0.5,45.7
Omaha,"Larsen, Alexandra R.",521,2.7,1.5,95.8
Omaha,"Meyer, Abby L.",871,4,3.6,92.4
Omaha,"Morrissey, Matthew E.",682,4.1,10.9,85
Omaha,"Anderson, Jack L.",201,12.4,3.5,84.1
Omaha,"Paul, Nancy J.",134,13.4,3,83.6
Orlando,"Lippman, Daniel",271,8.1,1.1,90.8
Orlando,"Chapman, Kevin J.",829,11.7,0.4,87.9
Orlando,"Alberdi, Yon K.",738,14.9,1.8,83.3
Orlando,"Karden, Stuart F.",515,15.1,1.7,83.1
Orlando,"Page-Lozano, Jennifer Leigh",519,17.9,1.9,80.2
Orlando,"Ghartey, Victoria L.",577,19.8,0.5,79.7
Orlando,"Grim, James",454,22,0.7,77.3
Orlando,"Harris, Monique",474,23.2,1.1,75.7
Orlando,"Lang, Elizabeth G.",157,51,1.9,47.1
Otay Mesa,"Simpson, Scott",127,17.3,1.6,81.1
Otay Mesa,"Attia, Olga E.",151,22.5,5.3,72.2
Otay Mesa,"Halliday-Roberts, Catherine",262,23.3,1.9,74.8
Otay Mesa,"DePaolo, Zsa Zsa",116,25.9,1.7,72.4
Otay Mesa,"Partida, Ana",193,36.8,2.1,61.1
Otay Mesa,"Burch, Valerie A.",185,41.1,4.9,54.1
Pearsall,"McKee, Robert R.",434,15.2,3,81.8
Pearsall,"Paulissen, Walter L.",290,17.6,9,73.4
Pearsall,"Tyrakoski, Meredith B.",143,20.3,0,79.7
Pearsall,"Alcorn, Stuart Douglas",493,20.9,8.3,70.8
Pearsall,"Martinez, Elizabeth",130,21.5,6.2,72.3
Philadelphia,"Golparvar, Kuyomars Q.",161,14.3,5,80.7
Philadelphia,"Hoover, Forrest W., III",124,33.1,0.8,66.1
Philadelphia,"Lee, Mary C.",881,36.4,1.2,62.3
Philadelphia,"Malloy, Rosalind K.",408,40.4,1,58.6
Philadelphia,"Carle, John B.",885,42.3,1.4,56.4
Philadelphia,"Scott, Joseph C.",391,44.2,2,53.7
Philadelphia,"Verma, Dinesh C.",184,47.3,1.1,51.6
Philadelphia,"Morley, Steven A.",612,48.7,4.1,47.2
Philadelphia,"Ehlers, Patrick J.",267,49.4,0,50.6
Philadelphia,"Honeyman, Charles M.",271,56.8,1.8,41.3
Philadelphia,"Kulick, Dawn",111,60.4,0,39.6
Philadelphia,"Garcy, Annie S.",360,62.5,0.6,36.9
Phoenix,"Spencer-Walters, Linda Inez",333,8.4,5.1,86.5
Phoenix,"Bartlemay, Robert C., Sr.",218,10.6,1.8,87.6
Phoenix,"Sharda, Munish",279,10.8,4.3,84.9
Phoenix,"Imburgia, Joseph S.",123,14.6,4.1,81.3
Phoenix,"Karlen, Melissa Beth",213,16.9,2.3,80.8
Phoenix,"Cottor, Elizabeth A",289,17.6,1.7,80.6
Phoenix,"Cortes, John W.",223,19.7,0.9,79.4
Phoenix,"Freerks, LaMonte S.",262,24.8,3.1,72.1
Phoenix,"Arellano, Silvia R.",148,26.4,1.4,72.3
Portland,"Truman, Phillip M.",213,7.5,0,92.5
Portland,"Greer, Christopher M.",229,10.5,2.6,86.9
Portland,"Hoeppner, Mindy E.",657,20.7,1.2,78.1
Portland,"Anderson, David C.",204,21.1,1,77.9
Portland,"Zanfardino, Richard",629,24,1.6,74.4
Portland,"Evans, David W.",136,31.6,0.7,67.6
Portland,"Lyons, Joren",510,39.6,0.8,59.6
Portland,"Lemke, Kathy J.",127,59.8,1.6,38.6
Sacramento,"Halperin, Ravit R.",112,10.7,0,89.3
Sacramento,"Roberts, Lindsy M.",102,23.5,2,74.5
Sacramento,"Hitesman, Jonathan W.",111,45.9,0,54.1
Sacramento,"Terrazas, Gilda M",100,46,0,54
Sacramento,"Geisse, Loreto S.",271,71.6,0.4,28
Sacramento,"Neumeister, David",345,71.9,5.5,22.6
Sacramento,"Phan, Susan",178,74.2,0,25.8
Sacramento,"Maggard, Robert P.",314,95.2,0.6,4.1
San Antonio,"Harlow, Craig A.",343,27.1,5.8,67.1
San Antonio,"Crossan, Thomas G., Jr.",205,29.8,11.2,59
San Antonio,"Martinez, Anibal D.",201,33.3,8,58.7
San Antonio,"Adams, Justin",190,33.7,4.2,62.1
San Antonio,"McCullough, Charles M.",516,35.9,9.1,55
San Antonio,"Newaz, Rifian S.",380,37.4,2.4,60.3
San Antonio,"Martin, Clay Nelson",123,37.4,3.3,59.3
San Antonio,"Tyrakoski, Meredith B.",193,40.4,6.7,52.8
San Antonio,"Gonzalez, Yvonne",411,44,5.4,50.6
San Antonio,"Tijerina, Eric J.",341,44.6,5.9,49.6
San Antonio,"Lafuente-Gaona, Cynthia",147,53.1,12.2,34.7
San Antonio,"Burkhart, Margaret D.",182,57.1,19.8,23.1
San Antonio,"Santander, Daniel J.",116,71.6,12.9,15.5
San Diego,"Bither, Christine A.",265,7.5,0.4,92.1
San Diego,"Renner, Renee L.",149,9.4,0.7,89.9
San Diego,"Clemente, Jesus",326,13.2,31,55.8
San Diego,"Romig, Jeffrey L.",483,13.9,6,80.1
San Diego,"Law, Philip S.",644,14,2.3,83.7
San Diego,"O'Connor, Lee A.",324,14.2,1.9,84
San Diego,"Ipema, Henry P., Jr.",211,19.4,0.5,80.1
San Diego,"DeVitto, James Alan",387,24.8,1,74.2
San Diego,"Grande, Guy G.",313,29.1,2.2,68.7
San Diego,"Bartolomei, Richard J., Jr",217,35,5.1,59.9
San Diego,"Simpson, Scott",140,38.6,2.9,58.6
San Diego,"Partida, Ana",142,47.9,0,52.1
San Francisco,"Aina, Nathan N.",238,4.6,3.8,91.6
San Francisco,"Halperin, Ravit R.",248,22.2,0,77.8
San Francisco,"Nelson, Julie L.",685,23.2,2,74.7
San Francisco,"Caborn, Andrew J.",665,31.9,1.1,67.1
San Francisco,"Simmons, Gregory L.",556,39.2,3.1,57.7
San Francisco,"Morwood, Dion A.",165,39.4,0,60.6
San Francisco,"Nava, Marlem",129,44.2,1.6,54.3
San Francisco,"Burch, Valerie A.",124,44.4,6.5,49.2
San Francisco,"Lake, Kelly B.",474,46.2,6.5,47.3
San Francisco,"Phan, Susan",1237,46.3,1.1,52.5
San Francisco,"Ford, Nicholas R",702,47.4,4.6,48
San Francisco,"Seminerio, Frank A.",855,49,0.1,50.9
San Francisco,"O'Brien, Patrick S.",860,49,0.5,50.6
San Francisco,"Park, Joseph Y.",661,50.7,2.1,47.2
San Francisco,"Picton, Cory M.",579,52,2.1,45.9
San Francisco,"Gambill, Scott D.",1176,54,0.5,45.5
San Francisco,"Pierce, Curtis F.",322,65.8,0.9,33.2
San Francisco,"Shugall, Ilyce",231,66.2,2.6,31.2
San Francisco,"Masterson, Jason R.",283,66.4,1.1,32.5
San Francisco,"Star, Shadee M.",857,68.3,2.9,28.8
San Francisco,"Jefferson-Webb, Lettricea L.",409,68.7,0,31.3
San Francisco,"Young, Elizabeth L.",531,69.5,3.4,27.1
San Francisco,"Paulino, Robin K.",687,69.9,2.2,27.9
San Francisco,"Kirchner, Steven M.",593,71,0.2,28.8
San Francisco,"McCleskey, Loi L.",358,71.2,1.4,27.4
San Francisco,"Geisse, Loreto S.",459,76.3,3.9,19.8
San Francisco,"Greene, Charles S., III.",1091,76.4,3.6,20.1
San Francisco,"Figueroa, Laura C.",729,76.8,2.3,20.9
San Francisco,"Jamil, Rebecca",180,77.2,0.6,22.2
San Francisco,"Slayton, Michelle A.",123,78,0,22
San Francisco,"Swink, Arwen A.",1090,78.8,1.7,19.4
San Francisco,"Butler, Jeremy J.",689,79.5,0.3,20.2
San Francisco,"Jackson, Jacqueline J.",465,80.9,2.4,16.8
San Francisco,"Ramirez, Laura L.",163,81,0.6,18.4
San Francisco,"Little, Anna C.",716,81.3,1.4,17.3
San Francisco,"Schulz, Karen W.",419,82.3,0.5,17.2
San Francisco,"Price, Justin M.",930,85.8,1.3,12.9
San Francisco,"Riedthaler-Williams, Jennifer M.",117,86.3,7.7,6
San Francisco,"Johnson, Jeremiah",1204,86.5,1,12.5
San Francisco,"Marks, Dana Leigh",494,88.7,1.4,9.9
San Francisco,"Deiss, Ila C.",1796,91.2,1.3,7.5
San Francisco,"Kim, Samuel Y.",184,92.4,4.9,2.7
San Francisco,"Savage, Patrick S.",1071,92.8,0.8,6.3
San Francisco,"George, Amber D",710,93.7,0.4,5.9
San Francisco,"Hayward, Miriam R.",183,95.1,0,4.9
San Francisco,"Gordon, Louis A.",545,96,0.2,3.9
San Francisco,"Davis, Howard R.",141,96.5,0,3.5
San Francisco,"Levine, Shira M.",674,97.5,0.3,2.2
San Francisco,"Chen, Shuting",309,97.7,0,2.3
San Francisco,"Dillon, Chloe S.",260,98.5,0.4,1.2
Santa Ana,"Ghasri, Iman",109,22.9,1.8,75.2
Santa Ana,"Lee, Wilbur",196,23,2.6,74.5
Santa Ana,"Brown, Charlotte D.",116,36.2,4.3,59.5
Santa Ana,"Winfield, Jennifer",107,37.4,1.9,60.7
Santa Ana,"Rothschild, Jerome M., Jr.",164,39,0.6,60.4
Santa Ana,"Brooks, Alicia",178,41,0.6,58.4
Santa Ana,"Francis, Leon J.",203,44.3,2.5,53.2
Santa Ana,"Huang, Jonathan",110,50.9,3.6,45.5
Santa Ana,"Chan, Matthew",120,66.7,1.7,31.7
Santa Ana,"Noche, Joyce",153,68,2,30.1
Santa Ana,"Mabry Iii, William",175,79.4,1.7,18.9
Santa Ana,"Fishkin, Andrew",180,81.7,3.3,15
Santa Ana,"Levin, Victoria",134,82.8,1.5,15.7
Seattle,"Sogabe, Kenneth",710,18.6,0.6,80.8
Seattle,"Evans, David W.",640,19.1,1.3,79.7
Seattle,"Johnson, Shane E.",780,20.9,1.8,77.3
Seattle,"Tisocco, Michael",223,22,0.4,77.6
Seattle,"McSeveney, Robert B.C.",1574,27.3,0.4,72.4
Seattle,"Windrow, Hayden E.",697,31,0.3,68.7
Seattle,"Parchert, Brett M.",1788,31.4,2.1,66.4
Seattle,"Defonzo, Paul A.",247,41.3,4.9,53.8
Seattle,"Walsh, John F.",143,44.1,2.1,53.8
Sterling,"Pope, Jason L.",161,37.9,0,62.1
Tacoma,"Odell, John C.",484,27.5,2.3,70.2
Tacoma,"Scala, Theresa M.",123,29.3,3.3,67.5
Tacoma,"Floyd, Charles Neil",311,36.3,3.5,60.1
Tacoma,"Fitting, Tammy L.",432,42.4,1.9,55.8
Tucson,"O'Leary, Thomas Michael",241,19.9,5.8,74.3
Tucson,"Davis, John W.",314,22.6,7,70.4
Tucson,"Keenan, Sean H.",437,30,2.5,67.5
Tucson,"Deangelis, Kathryn L.",112,41.1,5.4,53.6
Van Nuys,"Naselow-Nahas, Tara",233,9.9,3.9,86.3
Van Nuys,"Riley, Kevin W.",216,16.2,2.3,81.5
Van Nuys,"Burke, David H.",632,43.5,9.3,47.2
Van Nuys,"Santos-Garcia, Sandra J.",363,46,4.4,49.6
Van Nuys,"Burke, Brian",346,54.9,2.9,42.2
Van Nuys,"Maury, Carlos E.",381,67.2,3.7,29.1
Van Nuys,"Dorfman, Arlene E.",259,69.1,3.5,27.4
West Valley,"Truman, Phillip M.",1205,45.1,0.3,54.5
West Valley,"Greer, Christopher M.",1476,46.3,0.8,52.8
West Valley,"Anderson, David C.",1055,50.1,1.6,48.2